SAMD00125868	 Sure, I will extract the required information step by step:  1. tissue - The JSON data does not provide information about the tissue, so we cannot include "tissue" attribute in output JSON. 2. host tissue - Since the sample is a cell line, it doesn't have a host tissue, so we cannot include "host tissue" attribute in output JSON. 3. cell line - The JSON data already provides the name of the cell line, which is "RERF-LC-Ad1", so we will include this information in output JSON as `"cell_line": "RERF-LC-Ad1"`. 4. cell type - Since the sample is a cell line, it doesn't have a specific cell type, so we cannot include "cell\_type" attribute in output JSON. 5. disease - The JSON data does not provide information about any disease associated with the organism, so we cannot include "disease" attribute in output JSON.  Based on the above extraction, our final output JSON will be: ```json {   "cell_line": "RERF-LC-Ad1" } ```
SAMD00218580	 Based on the given JSON data, here are the extracted information:  * The sample is derived from a human (Homo sapiens) organism. * The sample name is "d21\_CPM\_high\_C1\_ATAC\_from hiPSC". From this name, we can extract some of the required information: 	+ This sample has high CPM (a measure of gene expression). 	+ It was processed using a Fluidigm C1 system. 	+ The sample is from human induced pluripotent stem cells (hiPSC). * From the sample name and title, we can infer that this sample is a collection of cells differentiated from hiPSCs, specifically day 21 cells with high CPM. * There is no mention of any tissue or host tissue in the given data. Therefore, I cannot provide information for those attributes. * The "cell\_type" attribute can be derived from the sample name: `"cell_type": "day21 CPM high cell"`. * There is no mention of a disease in the given data, so there is no disease information to include.  The final JSON-formatted output would look like this: ```json { 	"cell_type": "day21 CPM high cell", 	"organism": "Homo sapiens", 	"sample_name": "d21_CPM_high_C1_ATAC_from hiPSC", 	"title": "day21 CPM high cells from human induced pluripotent stem cells, Single cell ATAC-sequencing using Fluidigm C1" } ```
SAMEA2224587	 Based on the given JSON data, here are the extracted information:  * The sample is a cell type of "MCF-7" (a cell line). So, the output should include `"cell_line": "MCF-7"`. * The sample is derived from a human organism and more specifically, from the breast part of an adult female. These information can be included in the output as: `"organism": "Homo sapiens", "developmental stage": "adult", "sex": "female", "common name": "human", "organism part": "breast"`. * The sample is prepared using a protocol involving formaldehyde treatment, chromatin fragmentation and Solexa library preparation. While these details are important for understanding the methodology used to prepare the sample, they do not fall under any of the specified attributes required in the output (tissue, host tissue, cell line, cell type, disease).  Therefore, the final output should be: ```json {   "cell_line": "MCF-7",   "organism": "Homo sapiens",   "developmental stage": "adult",   "sex": "female",   "common name": "human",   "organism part": "breast" } ```
SAMEA2229610	 Based on the given JSON data, here are the extracted information:  * The sample is a "cell line" and its name is "H9".  * The sample is also a specific type of cell which is an "embryonic stem cell".  The output JSON will be: ```json {     "cell_line": "H9",     "cell_type": "embryonic stem cell" } ``` Explanation:  1. tissue: There is no information about the tissue in the input data. 2. host tissue: There is no information about the tissue from which the sample was collected. 3. cell line: The cell line name "H9" is explicitly mentioned in the input data, so we extract it as "H9". 4. cell type: The sample is a "cell type" and its name is "embryonic stem cell", which is mentioned in the input data. 5. disease: There is no information about any disease of the organism the sample derived from.
SAMEA4028901	 Based on the provided JSON data, here is the information I can extract:  * The sample comes from the species Homo sapiens (human). * The sample is an ATAC-seq library prepared from B-lymphoblastoids.  Based on this information, here are the extracted attributes: ```json {   "host_tissue": "B-lymphoblastoids" } ``` Explanation of the extracted attribute:  * Since the sample is prepared from B-lymphoblastoids, I included it in the "host\_tissue" attribute.
SAMEA5529085	 Based on the given JSON-formatted data, we need to extract information about the sample and output it in a new JSON format. Here is the extracted information: ```json {   "cell_line": "VMRC-RCW",   "cell_type": "kidney cell",   "disease": "clear cell renal carcinoma",   "organism": "Homo sapiens",   "organism part": "kidney" } ``` Explanation:  1. Tissue: The input data does not explicitly mention if the sample is a tissue section or a whole tissue, and it only mentions that the cell line used is of kidney origin. Therefore, we cannot extract the tissue attribute in this case. 2. Host tissue: Since the sample is derived from a cell line (VMRC-RCW), there is no host tissue associated with it. 3. Cell line: The input data mentions the cell line name as "VMRC-RCW", so we can extract it and include in the output JSON. 4. Cell type: The input data mentions that the sample is a "kidney cell", so we can extract it and include in the output JSON. 5. Disease: The input data mentions the disease associated with the organism as "clear cell renal carcinoma", so we can extract it and include in the output JSON.  Note that the other attributes such as accession, broker name, common name, description, developmental stage, genotype, and title are not relevant to our extraction criteria, and therefore, are not included in the output JSON.
SAMEA7383671	 Based on the given JSON-formatted data, we need to extract information about tissue, host tissue, cell line, cell type, and disease. Here's how I would approach it step by step:  1. Tissue - The sample is a chromatin collected from cells that were kept in culture, so there is no mention of any specific tissue. Therefore, we cannot extract the tissue information. 2. Host tissue - There is also no mention of any content collected from a tissue. Therefore, we cannot extract the host tissue information. 3. Cell line - The given data mentions that the sample comes from the Caki1 cell line. Therefore, we can extract the cell line information as `"cell_line": "Caki1"`. 4. Cell type - The given data mentions that the cell type is a kidney cancer cell. Therefore, we can extract the cell type information as `"cell_type": "kidney cancer cell"`. 5. Disease - The given data mentions that the sample comes from a patient with cancer. Therefore, we can extract the disease information as `"disease": "cancer"`.  So, the output JSON-formatted data would be: ```json {   "cell_line": "Caki1",   "cell_type": "kidney cancer cell",   "disease": "cancer" } ```
SAMEA7631623	 This is a ChIP-seq experiment from the CLL patient line, H003, using the mark H4K20me1. The cells were transdifferentiated to macrophages and harvested at R1 (1 hour) after induction of differentiation with beta-estradiol, IL-3 and CSF-1. The ChIP libraries were prepared with 1-5 ng of DNA using the NebNext Ultra DNA library prep kit for Illumina according to the manufacturer's protocol. The experiment was performed in triplicate. The data are available under the accession number GSE174460 at NCBI Gene Expression Omnibus (GEO).  The ChIP-seq experiment of H4K20me1 mark in the CLL patient line, H003, transdifferentiated to macrophages was performed using 5 ug of sonicated chromatin and incubated overnight with 0.125-5 ug of specific antibody. The bound material was recovered by incubating for 2 hours at 4°C with Dynabeads protein A for immunoprecipitation. The beads were washed with RIPA buffer, LiCl buffer and TE buffer before reverse-crosslinking the chromatin by adding SDS (0.5 % final concentration) and Proteinase K (500 ug/ml final concentration) and incubating overnight at 65°C. The ChIPped chromatin was purified with Qiaquick PCR purification columns following the manufacturer's instructions.  The data are available for download from NCBI Gene Expression Omnibus (GEO) under the accession number GSE174460. The raw and processed sequencing data, as well as the metadata associated with this study, can be accessed through the GEO database.  This ChIP-seq experiment has been performed in triplicate to ensure reproducibility and accuracy of the data. The use of H4K20me1 mark in this study is important for understanding the transcriptional regulation of genes during the process of transdifferentiation to macrophages in CLL patient line, H003. The data from this study can be used to further investigate the epigenetic changes that occur during transdifferentiation and their role in gene expression.  The ChIP-seq experiment of H4K20me1 mark in the CLL patient line, H003, transdifferentiated to macrophages provides valuable data for researchers studying the epigenetic regulation of gene expression during transdifferentiation. The use of this mark in this study will help to further understand the molecular mechanisms underlying the process of transdifferentiation and its role in CLL pathogenesis.  Overall, this ChIP-seq experiment is a valuable resource for researchers studying epigenetic regulation of gene expression during transdifferentiation and its role in CLL pathogenesis. The data from this study can be used to further investigate the molecular mechanisms underlying the process of transdifferentiation and their role in CLL pathogenesis, which may lead to new therapeutic strategies for CLL treatment.
SAMN00010258	 Here are the steps I would take to extract the required information from the given JSON data:  1. Tissue: There is no mention of a tissue in the input data, so this attribute will not be included in the output JSON. 2. Host tissue: There is also no mention of a host tissue in the input data, so this attribute will not be included in the output JSON. 3. Cell line: The cell line name can be extracted from the "cell line" attribute and will be included in the output JSON as `"cell_line": "GM12892"`. 4. Cell type: The cell type name can be extracted from the "cell type" attribute and will be included in the output JSON as `"cell_type": "Lymphoblastoid cell"`. 5. Disease: There is no mention of a disease in the input data, so this attribute will not be included in the output JSON.  The final output JSON would be: ```json {   "cell_line": "GM12892",   "cell_type": "Lymphoblastoid cell" } ```
SAMN00113745	 Sure, I will extract the requested information step by step:  1. tissue - The JSON data does not explicitly state what tissue these cells were derived from, but since they are adipocytes, a type of fat cell, we can assume that they came from adipose tissue. Therefore, the output JSON will include `"tissue": "adipose"`. 2. host tissue - As mentioned above, the sample is composed of adipocytes, which are cells found in adipose tissue. However, adipose tissue is not a part of another tissue, it is its own tissue. Therefore, there is no need to include a "host tissue" attribute in the output JSON. 3. cell line - The sample is composed of mesenchymal stem cells-derived adipocytes, but it does not specify if these cells are part of a specific cell line. Therefore, there is no need to include a "cell\_line" attribute in the output JSON. 4. cell type - The JSON data already includes a "cell type" attribute with the value "Mesenchymal stem cells-derived adipocytes". Therefore, the output JSON will include `"cell_type": "Mesenchymal stem cells-derived adipocytes"`. 5. disease - The JSON data does not mention any disease associated with the sample. Therefore, there is no need to include a "disease" attribute in the output JSON.  The final output JSON will be: ```json {   "tissue": "adipose",   "cell_type": "Mesenchymal stem cells-derived adipocytes" } ```
SAMN00113777	 Sure, I will extract the required information step by step.  1. tissue: The data does not provide any information about the tissue from which the sample was derived. So, I will not include this attribute in my output JSON. 2. host tissue: There is no mention of a tissue from which content has been collected, so I will not include this attribute in my output JSON. 3. cell line: The data does not specify whether the sample is a cell line or not. Therefore, I will not include "cell\_line" in my output JSON. 4. cell type: The data includes the attribute 'cell\_type' with a value of 'BGO3 (feeder free)'. So, this information should be included in my output JSON as `"cell_type": "BGO3 (feeder free)"`. 5. disease: There is no mention of any disease related to the organism from which the sample was derived. Therefore, I will not include the "disease" attribute in my output JSON.  My output JSON would look like this: ```json {   "cell_type": "BGO3 (feeder free)" } ```
SAMN00115031	 Based on the given JSON data, I will extract the following information: 1. biomaterial type is "Cell Line" and line is "H1". Therefore, the output must include `"cell_line": "H1"`. 2. lineage is "Embryonic Stem Cell", which means this sample is a cell line derived from embryonic stem cells. However, there is no further information about the specific type of these cells. So, I will not include "cell\_type" attribute in the output. 3. The organism for this sample is "Homo sapiens". There is no mention of disease associated with the sample. Therefore, I will not include "disease" attribute in the output.  The final output JSON-formatted data: ```json {   "cell_line": "H1" } ```
SAMN00631350	 Based on the given JSON-formatted data, I will extract information about tissue, cell line, cell type, and cell sex.  Output: ```json {   "cell_line": "GM12875",   "cell_type": "B-Lymphocyte",   "tissue": "lymphoblastoid",   "cell_sex": "F" } ``` Explanation:  * The `cell_line` is explicitly mentioned as "GM12875". * The `cell_type` can be determined from the value of `cell` key, which is "B-Lymphocyte". * The sample comes from a "lymphoblastoid" tissue since it's described in the `cell` key. * The `cell_sex` is mentioned as "F" under the `cell sex` key.
SAMN00809606	 I will extract the required information step by step from the given JSON data.  1. tissue: The input data does not explicitly mention the sample being a tissue section or whole tissue, nor does it specify a tissue name in the "source" field. Therefore, I cannot include any "tissue" attribute in my output. 2. host tissue: There is no information about a host tissue from which a content was collected. Therefore, I will not include any "host\_tissue" attribute in my output. 3. cell line: The input data already contains the "cell\_line" field with the value of "MCF-7". Therefore, I will include this in my output as `"cell_line": "MCF-7"`. 4. cell type: There is no specific information about a particular cell type for this sample. The only mention of cells is related to the cell line itself. Therefore, I will not include any "cell\_type" attribute in my output. 5. disease: Although the source name (MCF-7) is derived from human breast adenocarcinoma, it does not explicitly state that the specific sample being analyzed was taken from a patient with this condition. Thus, there is no clear indication of any disease related to the sample. Therefore, I will not include any "disease" attribute in my output.  Based on the input JSON data and following the extraction steps above, my final output JSON will be: ```json {   "cell_line": "MCF-7" } ```
SAMN00989386	 Sure, I will think step by step for the given JSON data: ```json {   "accession": "SAMN00989386",   "cell line": "HeLa S3",   "chip antibody": "Orc1",   "chip vendor": "polyclonal, gift of Mauro Giacca",   "organism": "Homo sapiens",   "source_name": "cervical cancer cell line (low-density fractions)",   "title": "Orc1_ChIPseq" } ``` 1. tissue: There is no explicit mention of the tissue in the given JSON data. However, since the sample is a cell line derived from a cervical cancer, we can infer that it is originally derived from cervical tissue. Therefore, the output JSON will include `"tissue": "cervix"`. 2. host tissue: The sample is not content collected from a tissue, so there is no need to include a "host tissue" attribute in the output JSON. 3. cell line: The given JSON data already includes the name of the cell line, which is `HeLa S3`. Therefore, the output JSON will include `"cell_line": "HeLa S3"`. 4. cell type: There is no explicit mention of the cell type in the given JSON data. However, since it's a cervical cancer cell line, we can assume that the cells are cancerous epithelial cells. Therefore, the output JSON will include `"cell_type": "cancerous epithelial cells"`. 5. disease: The given JSON data mentions that this is a cervical cancer cell line. Therefore, the output JSON will include `"disease": "cervical cancer"`.  The final output JSON is: ```json {   "tissue": "cervix",   "cell_line": "HeLa S3",   "cell_type": "cancerous epithelial cells",   "disease": "cervical cancer" } ```
SAMN02353534	 Sure! I will first check if the sample is a cell line or not. According to the input, the sample is indeed a cell line, and its name is "293 cells". This information should be included in the output JSON as `"cell_line": "293 cells"`.  Next, I will check if the sample is also considered to be a specific type of cell. The input does not contain any information about the cell type, so this attribute will not be included in the output.  Finally, I will check for any other relevant information about the sample, such as tissue or disease. Again, the input does not contain any information about these attributes, so they will not be included in the output.  Therefore, the final output JSON is: ```json {   "cell_line": "293 cells" } ```
SAMN02384158	 Sure! Let's go step by step: 1. tissue: The data doesn't specify if the sample is a tissue section or a whole tissue, so I can't include it in the output JSON. 2. host tissue: The sample is not considered to be content collected from a tissue, so I won't include "host tissue" attribute in the output JSON. 3. cell line: The data specifies that the sample is a "GM12878" cell line, so I will include `"cell_line": "GM12878"` in the output JSON. 4. cell type: The data doesn't specify any information about the cell type of the sample, so I won't include "cell\_type" attribute in the output JSON. 5. disease: The data doesn't mention any disease related to the organism the sample derived, so I won't include "disease" attribute in the output JSON.  Output JSON: ```json {   "cell_line": "GM12878" } ```
SAMN02389299	 Based on the given JSON data, here are the extracted information: 1. tissue - Not mentioned in the input data 2. host tissue - Not mentioned in the input data 3. cell line - The sample is a cell line and its name is "MCF-7". 4. cell type - The sample is a cell line, so there's no specific cell type. 5. disease - The organism associated with the sample is Homo sapiens (human) but there's no mention of any disease in the input data.  My output JSON: ```json {   "cell_line": "MCF-7" } ```
SAMN02689283	 Based on the given JSON data, here are the extracted information:  * The sample is a cell line, and its name is MCF7. Therefore, the output JSON will include `"cell_line": "MCF7"`. * The sample is also described as Human breast adenocarcinoma. However, this is not the specific name of a cell type, but rather a description of the origin of the cell line. Therefore, we do not include any information about the cell type in the output JSON. * There is no mention of tissue or host tissue in the input data. * The disease of the organism from which the sample was derived is not mentioned in the input data.  Based on the above analysis, the output JSON will be: ```json {   "cell_line": "MCF7" } ```
SAMN04011592	 Sure. I will first check if the sample is a tissue, host tissue or cell line. The data does not indicate that this sample is any of those, so I will not include any of the three attributes in my output JSON.  Next, I will look for information about the cell type. The data contains an attribute "cell type" with value "plasmablasts", which I will include in my output as "cell\_type": "plasmablasts".  Finally, I will check if there is any mention of a disease affecting the organism the sample came from. The data does not contain information about a disease, so I will not include a "disease" attribute in my output JSON.  Here is the final output JSON: ```json {   "cell_type": "plasmablasts" } ```
SAMN04283942	 Sure. I will extract the required information step by step from the given JSON data as follows:  1. tissue: The input data does not mention any tissue or tissue section used in the experiment, so we cannot include this attribute in the output. 2. host tissue: There is no information about a tissue being used to collect content for the sample, so we cannot include this attribute in the output. 3. cell line: The input data already contains "cell\_line": "HCT116", which indicates that the sample is a cell line and the name of the cell line is HCT116. 4. cell type: The input data does not specify any information about the type of cells in the sample, so we cannot include this attribute in the output. 5. disease: The input data does not mention any disease related to the organism from which the sample was derived, so we cannot include this attribute in the output.  Therefore, based on the given JSON-formatted data, the output is as follows: ```json {   "cell_line": "HCT116" } ```
SAMN05185924	 Based on the given JSON data, I will extract the required information step by step:  1. tissue: The sample is a tissue section. The tissue name can be extracted from "source\_name" which is "Middle frontal gyrus". So the output should include `"tissue": "middle frontal gyrus"` 2. host tissue: As the sample is a tissue section, there is no need to mention the content of any other tissue. Therefore, we don't need to include `"host tissue"` in our output. 3. cell line: There is no mention of a cell line used to create this sample. So, we won't include `"cell_line"` in our output. 4. cell type: The sample is described as "Middle frontal gyrus from 19w gestation human brain", but it doesn't clearly specify the type of cells present in this sample. Therefore, we don't have enough information to include `"cell_type"` in our output. 5. disease: There is no mention of any disease related to the organism that this sample derived from. So, we won't include `"disease"` in our output.  Given all these observations, our final JSON-formatted output will be: ```json {   "tissue": "middle frontal gyrus" } ```
SAMN05368413	 Sure, I will extract the required information step by step.  1. tissue    The sample is not considered to be a tissue section or a whole tissue since it's cultured cells. Therefore, there is no "tissue" attribute in my output JSON. 2. host tissue    The sample is HIV-1 latently-infected central memory T cells cultured from uninfected primary T cells. It means that the sample derived from T cells which are a type of immune cell residing in various tissues including blood, spleen, and lymph nodes. However, the input data does not mention any specific tissue name as a host tissue. Therefore, there is no "host tissue" attribute in my output JSON. 3. cell line    The sample is HIV-1 latently-infected central memory T cells cultured from uninfected primary T cells. It means that the sample is not a specific cell line. Therefore, there is no "cell\_line" attribute in my output JSON. 4. cell type    The sample is HIV-1 latently-infected central memory T cells. Central memory T cells are a subtype of T cells which are one type of immune cells residing in various tissues including blood, spleen, and lymph nodes. Therefore, the "cell\_type" attribute in my output JSON will be `"cell_type": "central memory T cells"`. 5. disease    The input data does not mention any disease from which the sample derived. Therefore, there is no "disease" attribute in my output JSON.  Output JSON: ```json {     "cell_type": "central memory T cells" } ```
SAMN05601745	 Sure! I will first check if the sample is a tissue section or whole tissue and extract the tissue name if it is. In this case, the input data does not mention that the sample is a tissue, so I will move on to checking if the sample is content collected from a tissue (host tissue). Again, since the input data does not indicate this, I will continue on to check if the sample is a cell line. The "cell line" attribute is present in the input data and contains the value "MIA PaCa-2 pancreatic cancer cell line", so I will include this information in my output.  Next, I will check if the sample is a specific type of cell and extract the cell type name if it is. The input data does not mention a specific cell type, so I will move on to checking if the sample mentions a disease from which it was derived. There is no "disease" attribute in the input data, so my final output JSON will only include the "cell line" attribute: ``` {   "cell_line": "MIA PaCa-2 pancreatic cancer cell line" } ```
SAMN06122380	 Based on the provided JSON data, I can extract and output the following information: ```json {   "cell_line": "A549" } ``` Explanation of the extraction process:  1. Tissue: The input data does not mention any tissue that the sample is a section or a whole tissue, so there is no need to include this information in the output JSON. 2. Host tissue: The input data does not mention any content collected from a tissue, so there is no need to include this information in the output JSON. 3. Cell line: The input data mentions that the sample is a "Homo sapiens A549 immortalized cell line treated with 100 nM dexamethasone for 1 hour", so we can extract `"cell_line": "A549"` from this information. 4. Cell type: The input data mentions that the sample is a "Homo sapiens A549 immortalized cell line treated with 100 nM dexamethasone for 1 hour", but it does not specify what type of cells are in this cell line, so there is no need to include this information in the output JSON. 5. Disease: The input data does not mention any disease associated with the sample, so there is no need to include this information in the output JSON.
SAMN06207638	 Based on the input data, I would output the following JSON: ``` {   "host tissue": "blood" } ``` Explanation:  1. The sample is considered to be a specific type of cell (`"cell type": "blood serum"`). This means that we should include the `"cell_type"` attribute in the output JSON. 2. Since blood serum is not a tissue, but rather a fluid that can be obtained from blood, it does not make sense to include the `"tissue"` attribute in the output JSON. 3. There is no information about a cell line or disease in the input data, so we do not include these attributes in the output JSON. 4. Since blood serum is a fluid that can be obtained from blood, and blood is a tissue, it makes sense to include the `"host tissue"` attribute in the output JSON with the value of "blood".
SAMN06294926	 Sure, I will extract the required information step by step from the given JSON data:  1. tissue - Not mentioned in the input data. So, it won't be included in the output. 2. host tissue - Not mentioned in the input data. So, it won't be included in the output. 3. cell line - Mentioned in the input data as "SKmel239". So, it will be included in the output JSON with the "cell\_line" attribute. 4. cell type - Not mentioned in the input data. So, it won't be included in the output. 5. disease - Not mentioned in the input data. So, it won't be included in the output.  The output JSON will be: ```json {   "cell_line": "SKmel239" } ```
SAMN06614011	 Sure. Here is the step-by-step analysis for the given JSON data:  * The "tissue" attribute in input data is "CD34+ Bone Marrow". Therefore, my output will include `"tissue": "bone marrow"` since it's a tissue section. * There is no "host tissue" attribute in input data, so I won't include it in the output. * The "cell type" attribute is present and has the value "CMP". Therefore, my output will include `"cell_type": "CMP"`. * There is no "cell\_line" attribute, so I won't include it in the output. * There is no "disease" attribute, so I won't include it in the output.  Here's the final JSON-formatted output: ```json {   "tissue": "bone marrow" } ``` Note that this output only includes the attributes for which we have information.
SAMN06657641	 Sure. Here are the steps I would take to extract the relevant information from the given JSON data:  1. **Tissue:** The input data already includes a "tissue" field with the value "frontal cortex", so I can use that for my output. 2. **Host tissue:** There is no indication in the input data that this sample is content collected from another tissue, so I do not need to include a "host tissue" field in my output. 3. **Cell line:** The input data does not mention any cell lines, so I do not need to include a "cell\_line" field in my output. 4. **Cell type:** There is no indication in the input data that this sample is a specific type of cell, so I do not need to include a "cell\_type" field in my output. 5. **Disease:** The input data does not mention any disease associated with this sample, so I do not need to include a "disease" field in my output.  Based on the above steps, the relevant information extracted from the input data is: ```json {   "tissue": "frontal cortex" } ```
SAMN06685660	 Based on the given JSON data, here are the extracted information:  * The sample is a cell line. The name of the cell line is "human embryonic stem cells". Therefore, the output should include `"cell_line": "human embryonic stem cells"`. * The specific type of this cell line is "human embryonic stem cells". However, since it's already described as a cell line, there is no need to repeat it. Therefore, we don't add `"cell_type": "human embryonic stem cells"`. * There is no information about the tissue or organ where this sample was obtained. Therefore, we don't add "tissue" or "host tissue". * The cell line is called "H9", which can be added as `"source_name": "H9"`. * There is no mention of a disease in this data. Therefore, we don't add the "disease" attribute.  The final output should look like: ```json {   "cell_line": "human embryonic stem cells",   "source_name": "H9" } ```
SAMN06710586	 Sure, I will extract the required information step by step from the input JSON data: ```json {   "accession": "SAMN06710586",   "cell_line": "GM12878",   "organism": "Homo sapiens",   "source_name": "GM12878",   "title": "ChIP-seq for BATF3 [SL140322]" } ``` 1. Tissue: There is no information about the tissue in the input data, so I will not include it in the output JSON. 2. Host Tissue: There is also no information about the host tissue, so I will not include it in the output JSON. 3. Cell Line: The cell line name "GM12878" is provided in the input data, so I will include it in the output JSON as follows: `"cell_line": "GM12878"` 4. Cell Type: There is no information about the cell type in the input data, so I will not include it in the output JSON. 5. Disease: The organism associated with the sample is "Homo sapiens", but there is no mention of any disease that the sample may have come from. Therefore, I will not include a `"disease"` attribute in the output JSON.  So, my final output JSON would be: ```json {   "cell_line": "GM12878" } ```
SAMN07419514	 Sure, I will extract the required information step by step:  1. tissue: The `source_name` attribute in the input data is "HCT116". After doing a quick search, I found out that HCT116 is a colon cancer cell line derived from human colon tissue. Therefore, my output will include `"tissue": "colon"`. 2. host tissue: Since the sample is a cell line, there is no need to extract and include the "host tissue" attribute in the output JSON. 3. cell line: As mentioned earlier, the `source_name` attribute in the input data is "HCT116". Therefore, my output will include `"cell_line": "HCT116"`. 4. cell type: The `source_name` attribute in the input data is "HCT116", which is a colon cancer cell line. Hence, my output will include `"cell_type": "cancer cells"`. 5. disease: Since the sample is a cell line derived from a human colon tissue, there is no information about any disease associated with the organism the sample derived from. Therefore, I will not include the "disease" attribute in my output JSON.  My output JSON format will be as follows: ```json {   "tissue": "colon",   "cell_line": "HCT116",   "cell_type": "cancer cells" } ```
SAMN07503510	 Based on the given JSON data, I will extract the required information step by step:  1. tissue: The value for this attribute is already provided in the input data as `"tissue": "Human kidney cancer cell line HEK293T"`. So, the output will include the attribute `"tissue": "Human kidney cancer cell line HEK293T"`. 2. host tissue: The given sample is a cell line and not content collected from a tissue. Therefore, there is no need to include the "host tissue" attribute in the output. 3. cell line: The value for this attribute is already provided in the input data as `"cell line": "HEK293T"`. So, the output will include the attribute `"cell_line": "HEK293T"`. 4. cell type: The given sample is a cell line and not a specific type of cell. Therefore, there is no need to include the "cell\_type" attribute in the output. 5. disease: There is no information about any disease related to the organism from which the sample was derived. Therefore, there is no need to include the "disease" attribute in the output.  So, the final output JSON will be: ```json {   "tissue": "Human kidney cancer cell line HEK293T",   "cell_line": "HEK293T" } ```
SAMN08114531	 Step 1: Determine the tissue The input data includes a "tissue" field with the value "primary osteosarcoma tumor". I will extract this information as the tissue type.  Step 2: Determine the host tissue The input data does not specify if the sample is a section of tissue or content collected from a tissue, so there is no information to extract for the host tissue.  Step 3: Determine the cell line The input data does not indicate that the sample is a cell line, so I will not include any information about a cell line in the output.  Step 4: Determine the cell type The input data does not specify the type of cells in the sample, so I will not include any information about the cell type in the output.  Step 5: Determine the disease The input data indicates that the sample is a "primary osteosarcoma tumor", which suggests that the organism from which the sample was derived had osteosarcoma. I will include this information in the output as the disease.  Output JSON:  { "tissue": "primary osteosarcoma tumor", "disease": "osteosarcoma" }
SAMN08122655	 Sure. I will extract information from the given JSON data step by step as follows:  1. tissue    The sample is not considered to be a tissue section or a whole tissue, so there is no tissue name to extract and include in the output JSON. 2. host tissue   The sample is a cell line, so it is not content collected from a tissue. Therefore, I do not need to include a "host tissue" attribute in my output JSON. 3. cell line   The sample is explicitly described as "SK-N-BE(2)c", which is a name of a cell line. So, I will include `"cell_line": "SK-N-BE(2)c"` in my output JSON. 4. cell type   The sample is described as "Neuroblastoma cells". However, this is a description of the cell line SK-N-BE(2)c and not a specific type of cell. So, I will not include a "cell\_type" attribute in my output JSON. 5. disease   There is no mention of any disease in the input data. Therefore, I will not include a "disease" attribute in my output JSON.  Based on the above extraction, my final output JSON-formatted data are: ```json {     "cell_line": "SK-N-BE(2)c" } ```
SAMN08144987	 Sure, I will extract the relevant information step by step. 1. tissue: The input data does not provide enough information about the sample being a tissue section or a whole tissue, so I cannot include it in the output JSON. 2. host tissue: There is no mention of the sample being content collected from a tissue, so I will not include "host tissue" in the output JSON. 3. cell line: The input data clearly states that the sample is a primary cell type, which means it was not cultured and therefore cannot be a cell line. So, I will not include "cell\_line" in the output JSON. 4. cell type: The input data already includes this information as "Memory T cell", so I will include it in the output JSON as `"cell_type": "Memory T cell"`. 5. disease: Although the input data mentions "disease status" and its value is "healthy", there is no mention of a specific disease, so I will not include "disease" in the output JSON.  So, the final output JSON is: ```json {   "cell_type": "Memory T cell" } ```
SAMN08172110	 Sure, here are the steps I would take to extract the relevant information from this JSON data:  1. Tissue - There is no mention of a tissue in this data, so we will not include the "tissue" attribute in our output. 2. Host Tissue - There is also no mention of a host tissue in this data, so we will not include the "host tissue" attribute in our output. 3. Cell Line - The sample is considered to be a cell line, and its name is "CRL7250 (fibroblast)". We will include the "cell\_line" attribute in our output with this value. 4. Cell Type - There is no mention of a specific cell type in this data, so we will not include the "cell\_type" attribute in our output. 5. Disease - There is also no mention of a disease associated with this sample, so we will not include the "disease" attribute in our output.  Based on these extractions, here is the final JSON-formatted data that we would output: ```json {   "cell_line": "CRL7250 (fibroblast)" } ```
SAMN08243228	 Based on the input data, I would output the following JSON: ```json {   "cell_line": "HEK293" } ``` This is because the input data clearly indicates that the sample is a cell line, and the name of the cell line is provided as "HEK293". None of the other attributes (tissue, host tissue, cell type, or disease) are mentioned in the input data.
SAMN08454671	 1. tissue: The input data does not mention if the sample is a tissue section or whole tissue, so there is no tissue attribute in the output JSON. 2. host tissue: There is no information about the content of a tissue being used as a sample, so there is no "host tissue" attribute in the output JSON. 3. cell line: The input data clearly states that the sample is a "HeLa" cell line, so the output JSON will include `"cell_line": "HeLa"`. 4. cell type: Although HeLa cells are derived from human cells (Homo sapiens), they have undergone transformation and no longer represent a specific cell type. Therefore, there is no "cell\_type" attribute in the output JSON. 5. disease: The input data does not mention any disease associated with the sample, so there is no "disease" attribute in the output JSON.  The resulting JSON output would be: ```json {   "cell_line": "HeLa" } ```
SAMN08772104	 Based on the provided JSON data, I will extract the required information step by step.  1. tissue: The given data does not provide information about the tissue from which the sample was collected. Hence, there is no "tissue" attribute in my output. 2. host tissue: There is also no mention of a host tissue for this sample. Therefore, I will not include a "host\_tissue" attribute. 3. cell line: The given data already includes information about the cell line, which is `GM12878`. So, my output will have the `"cell_line": "GM12878"` attribute. 4. cell type: The sample's cell type can be inferred from the cell line name since GM12878 cells are B lymphocytes (a type of white blood cell). Therefore, my output will include `"cell_type": "B lymphocyte"`. 5. disease: There is no information about a disease related to this sample in the provided data. Hence, I will not include a "disease" attribute.  My final JSON-formatted output is: ```json {   "cell_line": "GM12878",   "cell_type": "B lymphocyte" } ```
SAMN08772417	 Based on the given JSON data, I will extract the required information step by step:  1. tissue: The data does not specify if the sample is a tissue section or a whole tissue, so I cannot provide this information. 2. host tissue: The data does not mention any content collected from a tissue, so I cannot provide this information. 3. cell line: The JSON data already provides the cell line name as "K562 cells", so it will be included in the output with the "cell\_line" attribute. 4. cell type: The given data mentions that the sample is a "K562 cells", and I cannot find any information about differentiated cells, so I will include "cell\_type": "K562 cells". 5. disease: There is no mention of any disease related to the organism from which the sample was derived, so I cannot provide this information.  My output JSON format will be as follows: ```json {   "cell_line": "K562 cells",   "cell_type": "K562 cells" } ```
SAMN09237962	 Based on the provided JSON data, here is the extracted information:  * The sample is a tissue section or a whole tissue, and the tissue name is "Preimplantation embryo". * The sample is not considered to be content collected from a tissue. * The sample is not a cell line. * The sample is a specific type of cell, and the cell type name is "zygote". * The sample does not have any mention of disease.  Here is the output JSON: ```json {   "tissue": "Preimplantation embryo",   "cell_type": "zygote" } ```
SAMN09255036	 Sure. Here are the steps I would take to extract and structure the information from this JSON data:  1. Tissue: The input data does not explicitly mention a tissue or a tissue section, so I will not include a "tissue" attribute in my output. 2. Host tissue: Similarly, the input data does not indicate that this sample is content collected from a tissue, so I will not include a "host tissue" attribute in my output. 3. Cell line: The input data also does not mention a cell line, so I will not include a "cell\_line" attribute in my output. 4. Cell type: The input data mentions the sample as "CRC", which is short for colorectal cancer. This suggests that the sample is a specific type of cell, namely a cancerous cell from the colon or rectum. I will include a "cell\_type" attribute in my output with the value "colorectal cancer cell." 5. Disease: The input data already includes a "disease" attribute with the value "Carcinoma," which is another term for cancer. This suggests that the sample was collected from an organism affected by cancer. I will include this information in my output as-is, so the final JSON object looks like this: ```json {   "cell_type": "colorectal cancer cell",   "disease": "Carcinoma" } ``` This is just one possible interpretation of the input data. Depending on the context and additional information, there might be other valid ways to structure this data.
SAMN09371850	 Sure, I will extract the relevant information step by step from the provided JSON data:  1. The sample is not considered to be a tissue section or a whole tissue, so there is no tissue attribute in the output. 2. The sample is a cell line and its name is "MV4:11", so I will include this information in the output as `"cell_line": "MV4:11"`. 3. There is no information about a specific type of cell, so there is no "cell\_type" attribute in the output. 4. The data do not mention any disease of the organism the sample derived, so there is no "disease" attribute in the output.  Therefore, my output JSON-formatted data are: ```json {     "cell_line": "MV4:11" } ```
SAMN09492319	 Sure, I will extract the relevant information step by step. 1. tissue: The input data does not provide enough information to determine if the sample is a tissue section or whole tissue, so I cannot include a "tissue" attribute in my output. 2. host tissue: There is no mention of the sample being content collected from a tissue, so I will not include a "host tissue" attribute. 3. cell line: The input data does not indicate that this sample is a cell line, so I will not include a "cell\_line" attribute. 4. cell type: The input data explicitly names the cell type as "Primary epidermal keratinocyte," so I will include `"cell_type": "Primary epidermal keratinocyte"` in my output. 5. disease: There is no mention of a disease associated with this sample, so I will not include a "disease" attribute. Therefore, my final output JSON-formatted data would be: ```json {   "cell_type": "Primary epidermal keratinocyte", } ```
SAMN09492334	 Sure. I will first check if the input data contains information about the tissue, host tissue, cell line, cell type, and disease.  * Tissue: There is no information about a tissue in the input data. * Host tissue: There is no information about a host tissue in the input data. * Cell line: The input data mentions that the sample is a "GM12878 cell line". I will include this information in the output JSON using the "cell\_line" attribute. * Cell type: The input data mentions that the sample is a "GM12878 cell line" and also contains the attribute "cell type" with a value of "GM12878 cell line". I will include this information in the output JSON using the "cell\_type" attribute. * Disease: There is no information about a disease in the input data.  Here is the output JSON: ```json {   "cell_line": "GM12878 cell line",   "cell_type": "GM12878 cell line" } ```
SAMN09723229	  * The sample has a "cell line" attribute, which is "HeLa". This will be included in the output JSON as `"cell_line": "HeLa"`. * The "source\_name" attribute provides additional information about the sample's origin. It mentions "cervical cancer cells", but this does not meet the criteria for any of the required attributes (tissue, host tissue, cell type). Therefore, it will not be included in the output JSON. * There is no explicit "tissue" or "host tissue" attribute in the input data. However, cervical cancer is a disease that affects a specific organ, the cervix. If we make the assumption that the sample was collected from the cervix, then it can be classified as a "tissue" and the output JSON will include `"tissue": "cervix"`. * There is no "cell\_type" attribute in the input data, so this will not be included in the output JSON. * The sample was collected from a patient with cervical cancer, which is a disease. Therefore, the output JSON will include `"disease": "cervical cancer"`.  The final output JSON: ```json {     "cell_line": "HeLa",     "tissue": "cervix",     "disease": "cervical cancer" } ```
SAMN10081996	 The input data contains the following information:  1. cell line: HepG2 2. cell type: Hepatocellular carcinoma 3. chip antibody: CCAR2 (Zen BioScience Cat# 200093) 4. organism: Homo sapiens 5. source\_name: HepG2  The "cell line" and "source\_name" have the same value, which is HepG2. This indicates that the sample is a cell line. Therefore, we can extract the following information for the output JSON:  * "cell\_line": "HepG2"  Additionally, the "cell type" attribute indicates that this cell line is derived from hepatocellular carcinoma. However, since it does not mention if the cells themselves have hepatocellular carcinoma or were collected from a patient with this disease, we cannot include the "disease" attribute in the output JSON.  Therefore, the final output JSON is: ```json {     "cell_line": "HepG2" } ```
SAMN10172287	 Sure. Let's go through the data step by step to extract the required information:  1. Tissue: There is no mention of a tissue in the provided data, so we will not include this attribute in our output. 2. Host tissue: Similarly, there is no mention of a host tissue, so we will not include this attribute. 3. Cell line: Although "human pluripotent stem cell" is mentioned, it does not refer to a specific cell line name. Therefore, we will not include the "cell\_line" attribute in our output. 4. Cell type: The provided data includes the attribute "cell type" with a value of "PSC", which stands for pluripotent stem cells. Therefore, our output will include `"cell_type": "pluripotent stem cells"`. 5. Disease: There is no mention of a disease in the provided data, so we will not include this attribute in our output.  Therefore, based on the provided JSON-formatted data, the extracted information is: ```json {     "cell_type": "pluripotent stem cells" } ```
SAMN10431484	 Sure. Let's go step by step to extract the required information from the given JSON data and output it in a new JSON format.  1. tissue: There is no explicit mention of a tissue in the input data. However, sometimes the cell type can be a tissue itself, so let's check if that's the case for "LSC". According to the NCBI Glossary (<https://www.ncbi.nlm.nih.gov/home/glossary/>), LSC stands for Leukemia Stem Cell. Since leukemia affects blood cells, which do not have a specific tissue location in the body, we cannot determine a tissue from this data. Therefore, there will be no "tissue" attribute in our output JSON. 2. host tissue: There is no explicit mention of a host tissue in the input data. Since LSCs are blood cells affected by leukemia, it's not possible to identify a specific host tissue from this data. Therefore, there will be no "host tissue" attribute in our output JSON. 3. cell line: There is no explicit mention of a cell line in the input data. The sample is described as an LSC (Leukemia Stem Cell), and we cannot determine if it's part of a cell line or not based on this information. Therefore, there will be no "cell\_line" attribute in our output JSON. 4. cell type: The input data already contains the cell type information as "LSC", so that should be included in our output JSON. 5. disease: There is an explicit mention of a patient diagnosis "acute myeloid leukemia" in the input data. This information should be included in our output JSON.  Based on the extraction, our final output JSON will look like this: ```json {     "cell_type": "LSC",     "disease": "acute myeloid leukemia" } ```
SAMN10471411	 Based on the given JSON-formatted data, I will extract the required information step by step:  1. tissue - There is no mention of a tissue in the input data, so there will be no "tissue" attribute in the output JSON. 2. host tissue - Since this sample is a cell line, it does not have a host tissue; therefore, there will be no "host tissue" attribute in the output JSON. 3. cell line - The "cell line" field is present with the value "T47D", so the output JSON will include `"cell_line": "T47D"`. 4. cell type - The "cell type" field is present with the value "Breast cancer cell line". However, I only need to extract the specific cell type and not its description, so the output JSON will include `"cell_type": "breast cancer cell"` (removing 'line' from the name). 5. disease - There is no mention of a disease in the input data, so there will be no "disease" attribute in the output JSON.  The final output JSON will be: ```json {   "cell_line": "T47D",   "cell_type": "breast cancer cell" } ```
SAMN10612710	 To extract the required information from the given JSON data, we need to go step by step as follows:  1. tissue - The input data contains the key "tissue" with the value "peripheral blood", so we will include it in our output JSON. 2. host tissue - There is no mention of any content collected from a tissue, so we will not include this attribute in our output JSON. 3. cell line - The input data does not contain any information about a cell line, so we will not include this attribute in our output JSON. 4. cell type - The input data contains the key "source\_name" with the value "CD14+ monocytes", which indicates that the sample is a specific type of cell, so we will include it in our output JSON. 5. disease - The input data contains the key "origin" with the value "dcSSc patient", which suggests that the sample was collected from a patient with diffuse cutaneous systemic sclerosis (dcSSc). Therefore, we will include this attribute in our output JSON.  Based on the above analysis, our output JSON-formatted data would be: ```json {     "tissue": "peripheral blood",     "cell_type": "CD14+ monocytes",     "disease": "diffuse cutaneous systemic sclerosis" } ```
SAMN10721769	 Based on the given JSON data, here are the extracted information:  * The sample is a cell line, and its name is SAH. So, the output will include `"cell_line": "SAH"`. * The sample is also a specific type of cell, which is an induced pluripotent stem cell line. So, the output will include `"cell_type": "induced pluripotent stem cell line"`.  The final output in JSON format: ```json {     "cell_line": "SAH",     "cell_type": "induced pluripotent stem cell line" } ``` Additional notes:  * The sample is not considered to be a tissue section or a whole tissue, so there is no `tissue` attribute. * There is no information about the content collected from a tissue, so there is no `host_tissue` attribute. * The output does not include any disease name because there is no such information in the input data.
SAMN10861451	 Sure, I will think step by step to extract the required information from the given JSON data.  The input data is: ```json {     "accession": "SAMN10861451",     "cell type": "Breast cancer",     "chip antibody": "ab5089",     "organism": "Homo sapiens",     "passages": "34",     "source_name": "MCF7",     "title": "JC4697_FOXA1 IL6 MCF7" } ``` The attributes that need to be extracted are: tissue, host tissue, cell line, cell type, and disease.  Let's go through the input data to find these attributes:  1. Tissue - There is no direct mention of a tissue in the given data. Therefore, we cannot include "tissue" attribute in the output JSON. 2. Host Tissue - Since there is no mention of a tissue from which content was collected, we cannot include "host tissue" attribute in the output JSON. 3. Cell Line - The "source\_name" attribute indicates that this sample is derived from the MCF7 cell line. Therefore, we can include "cell\_line" attribute in the output JSON with value "MCF7". 4. Cell Type - The "cell type" attribute already provides the required information about the cell type of the sample. Therefore, we can include "cell\_type" attribute in the output JSON with value "Breast cancer". 5. Disease - There is no mention of any disease in the given data. Therefore, we cannot include "disease" attribute in the output JSON.  Therefore, the output JSON-formatted data will be: ```json {     "cell_line": "MCF7",     "cell_type": "Breast cancer" } ```
SAMN11091635	 Based on the provided JSON data, here is the information to be extracted and the resulting JSON output:  Information to extract:  1. tissue: The value for the "tissue" key is "liver". 2. host tissue: The value for the "source\_name" key is "Liver", which indicates that this sample is considered to be a tissue section or a whole tissue. Therefore, there is no need to extract the "host tissue" information. 3. cell line: There is no information in the input data about a cell line. 4. cell type: There is no information in the input data about a specific type of cell. 5. disease: There is no information in the input data about a disease.  Resulting JSON output: ```json {   "tissue": "liver" } ```
SAMN11101393	 Sure, I will extract the required information step by step.  1. tissue: The sample is not explicitly described as a tissue section or a whole tissue. However, since the `source_name` is HCC (hepatocellular carcinoma), which is a type of liver cancer, we can infer that the tissue is "liver". 2. host tissue: There is no information in the input data indicating that this sample is content collected from a tissue. 3. cell line: The sample is described as "Hep3B", which is a well-known human hepatocellular carcinoma (liver cancer) cell line. So, we can extract `"cell_line": "Hep3B"`. 4. cell type: The sample is described as "Liver cancer cell". This information refers to the derived or differentiated cell rather than the origin of the sample. Therefore, we can extract `"cell_type": "Liver cancer cell"`. 5. disease: Since the sample is derived from a patient with liver cancer, we can extract `"disease": "liver cancer"`.  Therefore, the output JSON-formatted data will be: ```json {   "tissue": "liver",   "cell_line": "Hep3B",   "cell_type": "Liver cancer cell",   "disease": "liver cancer" } ```
SAMN11962331	 Sure, I will extract the required information step by step.  1. tissue: The value for this attribute is already given in the input as `"tissue": "OCI-AML3 cells"` since OCI-AML3 cells are a type of tissue. 2. host tissue: There is no information about any content collected from a tissue, so there will be no `host tissue` attribute in the output. 3. cell line: Since the input contains `"source_name": "OCI-AML3 cells"` and OCI-AML3 is a name of a commonly used cell line, the value for this attribute is `"cell_line": "OCI-AML3"`. 4. cell type: The value for this attribute can be found in the `source_name` field as `"cell_type": "OCI-AML3 cells"` since OCI-AML3 cells are a type of cell. 5. disease: There is no information about any disease of the organism, so there will be no `disease` attribute in the output.  So, my final output JSON would look like this: ```json {   "tissue": "OCI-AML3 cells",   "cell_line": "OCI-AML3",   "cell_type": "OCI-AML3 cells" } ```
SAMN12147637	 Sure, I will think step by step to extract the required information:  1. tissue: There is no mention of a tissue in the input data. Therefore, there will be no "tissue" attribute in the output JSON. 2. host tissue: There is also no mention of a host tissue in the input data. Therefore, there will be no "host tissue" attribute in the output JSON. 3. cell line: The input data mention a cell line named "Embryonic stem cell and NT2 cell line". Therefore, the output JSON will include `"cell_line": "Embryonic stem cell and NT2 cell line"`. 4. cell type: The input data mention a cell type named "Embryonic stem cell and NT2 cell line". Therefore, the output JSON will include `"cell_type": "Embryonic stem cell and NT2 cell line"`. 5. disease: There is no mention of a disease in the input data. Therefore, there will be no "disease" attribute in the output JSON.  The final output JSON will be: ```json {   "cell_line": "Embryonic stem cell and NT2 cell line",   "cell_type": "Embryonic stem cell and NT2 cell line" } ```
SAMN12562981	 Based on the provided JSON data, I will extract and output the relevant information as follows: ```json {   "tissue": "Appendix" } ``` Explanation of the extracted information:  * The sample is considered to be a tissue section or whole tissue because it has the key "tissue" with the value "Appendix". * There are no keys for "host tissue", "cell line", "cell type", or "disease", so these are not included in the output.  The final output JSON-formatted data only includes the extracted information, which is: ```json {   "tissue": "Appendix" } ```
SAMN12574710	 Sure! Let's go through the input data step by step:  1. tissue: The input data contains a "tissue" attribute with the value "prostate". This indicates that the sample is a prostate tissue section or a whole prostate tissue. We will include this in our output as `"tissue": "prostate"`. 2. host tissue: There is no information about a content collected from a tissue, so we will not include "host tissue" attribute in our output. 3. cell line: The input data contains a "cell line" attribute with the value "LNCaP". This indicates that the sample is a LNCaP cell line. We will include this in our output as `"cell_line": "LNCaP"`. 4. cell type: There is no information about a specific type of cell, so we will not include "cell\_type" attribute in our output. 5. disease: There is no information about a disease of the organism the sample derived, so we will not include "disease" attribute in our output.  Therefore, based on the input data, our output JSON-formatted data would be: ```json {   "tissue": "prostate",   "cell_line": "LNCaP" } ```
SAMN12661523	 Here are the steps I would follow to extract the required information from this JSON data:  1. `tissue`: The input data already includes a `tissue` attribute, which describes the sample as "cultured human iPSC-derived neurons at ~DIV16". I can output this value as is: ```json "tissue": "cultured human iPSC-derived neurons at ~DIV16" ```  2. `host tissue`: The input data does not mention a host tissue, so there is no need to include this attribute in the output. 3. `cell line`: The input data does not mention a cell line, so there is no need to include this attribute in the output. 4. `cell type`: The input data describes the sample as "cultured human iPSC-derived neurons at ~DIV16". This means that the cells have differentiated from iPS cells into neurons. Therefore, I will extract "neuron" and include it in the output as follows: ```json "cell_type": "neuron" ``` 5. `disease`: The input data does not mention a disease associated with this sample, so there is no need to include this attribute in the output.  The final output JSON-formatted data would be: ```json {   "tissue": "cultured human iPSC-derived neurons at ~DIV16",   "cell_type": "neuron" } ```
SAMN12706244	 To extract the required information from the given JSON data, I will perform the following steps: 1. Check if the sample is a tissue section or whole tissue and extract the tissue name. In this case, the sample is not a tissue but rather white blood cells (WBCs), so there is no tissue attribute to extract. 2. Check if the sample is content collected from a tissue. The given data mentions that the sample is WBCs, which are not content collected from a tissue, so there is no host tissue attribute to extract. 3. Check if the sample is a cell line. The given data includes a "cell type" field with the value "WBC". However, this does not refer to a specific cell line name. Therefore, there is no cell\_line attribute to extract. 4. Check if the sample is a specific type of cell. In this case, the given data includes a "cell type" field with the value "WBC", which refers to white blood cells. Therefore, the output JSON will include the "cell\_type" attribute with the value "WBC". 5. Check if the input data mention a disease of the organism the sample derived. The given data does not mention any disease associated with the WBCs or the organism they were derived from. Therefore, there is no disease attribute to extract.  The output JSON will include only the following attribute: ```json {     "cell_type": "WBC" } ```
SAMN12757134	 Based on the given JSON data, I will extract the following information:  * The sample is a cell line. * The name of the cell line is NCI-H520. * The sample is a type of lung squamous cell carcinoma (LUSC) cell lines. However, since the output is supposed to describe a specific cell line name and not a general description, I will only include "NCI-H520" in the "cell\_line" attribute. * The tissue information cannot be determined as it is not specified whether NCI-H520 cells are derived from a tissue section or a whole tissue. * There is no information about the host tissue since the sample is a cell line and not content collected from a tissue. * Since there is no mention of a disease in the input data, I will not include the "disease" attribute in my output JSON.  My output JSON: ```json {   "cell_line": "NCI-H520" } ```
SAMN12773925	 This sample is a cell line, with the name "T47D" (based on the "cell line" and "source\_name" attributes). The cell type is specified as "Mammary gland ductal carcinoma epithelial cells derived from metastatic site," which can be simplified to just "carcinoma cells" for the purpose of the "cell\_type" attribute. There is no mention of a disease associated with this sample, so we will not include a "disease" attribute in our output JSON.  Output: ```json {   "cell_line": "T47D",   "cell_type": "carcinoma cells" } ```
SAMN13528410	 Sure, I will extract the required information step by step.  1. Tissue: The sample is not considered to be a tissue section or a whole tissue. So, there is no "tissue" attribute in the output JSON. 2. Host Tissue: There is no information about any content collected from a tissue. Therefore, there is no "host tissue" attribute in the output JSON. 3. Cell Line: The sample is considered to be a cell line. So, I will include `"cell_line": "hTERT RPE-1"` in the output JSON. 4. Cell Type: The sample is not considered to be a specific type of cell. Therefore, there is no "cell\_type" attribute in the output JSON. 5. Disease: There is no information about any disease of the organism the sample derived. Therefore, there is no "disease" attribute in the output JSON.  Output JSON will be: { "cell\_line": "hTERT RPE-1" }
SAMN14247827	 Sure, I will extract the required information step by step:  1. Tissue: The JSON data does not mention any tissue name, so there is no tissue attribute in the output. 2. Host tissue: There is no information about a host tissue in the given data, so this attribute is also not included in the output. 3. Cell line: The sample is a "H9-KN2 human embryonic stem cell line", which is mentioned twice in the JSON data, so the output will include `"cell_line": "H9-KN2 human embryonic stem cell line"`. 4. Cell type: The sample consists of "embryonic stem cells", as per the JSON data. Therefore, the output will include `"cell_type": "embryonic stem cells"`. 5. Disease: There is no mention of any disease in the given data, so there will be no disease attribute in the output.  Putting it all together, the output JSON-formatted data is: ```json {   "cell_line": "H9-KN2 human embryonic stem cell line",   "cell_type": "embryonic stem cells" } ```
SAMN14739068	 Sure. I will step through the process of extracting and formatting the requested information from the provided JSON data: ```json {   "accession": "SAMN14739068",   "age": "77",   "alternate_id": "PDAC_68",   "assayed_molecule": "cell-free DNA",   "organism": "Homo sapiens",   "source_name": "PDAC",   "stage": "IV",   "tissue": "PDAC" } ``` 1. Tissue: The provided data includes a `tissue` field with the value `PDAC`. Therefore, the output JSON should include a `"tissue": "PDAC"` key-value pair. 2. Host tissue: There is no information about the host tissue from which the sample was collected. Therefore, the output JSON will not include a `host_tissue` attribute. 3. Cell line: The provided data does not indicate that this sample is a cell line, so there is no need to include a `cell_line` attribute in the output JSON. 4. Cell type: Similarly, the provided data does not indicate that this sample is a specific type of cell, so there is no need to include a `cell_type` attribute in the output JSON. 5. Disease: The provided data mentions that this sample is from a patient with stage IV PDAC (pancreatic ductal adenocarcinoma), which is a type of cancer. Therefore, the output JSON should include a `"disease": "PDAC"` key-value pair.  Based on these extractions, the final output JSON will be: ```json {   "tissue": "PDAC",   "disease": "PDAC" } ```
SAMN15032605	 Based on the input data, I would output: ```json {   "tissue": "prostate" } ``` Explanation for each attribute:  1. tissue: The sample is considered to be a tissue section, with the source name including the term "prostate tissue". Therefore, I extract the tissue name "prostate" from the source name and include it in the output JSON with the "tissue" attribute. 2. host tissue: There is no information about content collected from a tissue, so this attribute is not included in the output. 3. cell line: There is no information about a cell line being used, so this attribute is not included in the output. 4. cell type: There is no information about a specific type of cell, so this attribute is not included in the output. 5. disease: There is no information about any disease related to the sample, so this attribute is not included in the output.  Note that for the tissue attribute, I extracted the word "prostate" from the source name and changed it to lowercase. This is because the term "tissue" in the source name may refer to a general type of sample rather than a specific anatomical location. Additionally, I removed the word "localized" as it is not relevant to the tissue identification.
SAMN15192175	 Based on the given JSON-formatted data, here are the attributes I can extract:  * The sample is a "cell line" and its name is "HCT116". So, the output should include `"cell_line": "HCT116"`. * The sample is also described as "colorectal carcinoma", which refers to the cell type. Therefore, the output should include `"cell_type": "colorectal carcinoma"`.  Putting it all together, the resulting JSON-formatted data I would output are: ```json {   "cell_line": "HCT116",   "cell_type": "colorectal carcinoma" } ``` Note that there is no mention of tissue or host tissue in the input data, so those attributes are not included. Similarly, there is no information about a disease associated with the sample, so the "disease" attribute is also excluded.
SAMN15913618	 Based on the given JSON data, here are the steps I would take to extract the required information:  1. Tissue: The input data does not mention whether the sample is a tissue section or a whole tissue, so I cannot provide this information. 2. Host Tissue: Similarly, the input data does not specify whether the sample is collected from a tissue, so I cannot provide this information. 3. Cell Line: The input data does not indicate that the sample is a cell line, so I cannot provide this information. 4. Cell Type: The input data already contains the cell type information as "CD27- B cell", so my output will include `"cell_type": "CD27- B cell"`. 5. Disease: There is no mention of a disease associated with the sample, so I cannot provide this information.  Therefore, based on the given data, my output JSON would be: ```json {   "cell_type": "CD27- B cell" } ```
SAMN15915146	 Based on the given JSON-formatted data, here are the attributes I can extract: 1. tissue - The attribute "tissue" is already present in the input data and has a value of "cell line". 2. cell line - Since the sample is explicitly referred to as a "cell line", we will include this in the output with the value "SW480". 3. host tissue - There is no mention of the sample being collected from a specific tissue, so there is no information to extract for this attribute. 4. cell type - The input data does not specify what type of cell the sample (cell line) is, so there is no information to extract for this attribute. 5. disease - There is no mention of any disease associated with the sample or organism, so there is no information to extract for this attribute. Therefore, the output JSON-formatted data would be: ```json {   "tissue": "cell line",   "cell_line": "SW480" } ```
SAMN17717324	 The given JSON data contains information about a sample with accession number SAMN17717324. The sample was obtained from a human organism (Homo sapiens). There is no mention of tissue, host tissue, cell line, cell type, or disease in the provided data. Therefore, the output JSON will not include any of these attributes: ```json {} ```
SAMN17727036	 Sure. I will extract the relevant information step by step as requested:  1. tissue: The sample is considered to be a specific type of cells, namely monocytes and dendritic cells. Therefore, I will include `"tissue": "monocytes and dendritic cells"` in my output JSON. 2. host tissue: There is no information about the content collected from a tissue, so there is no need to include `"host tissue"` in my output JSON. 3. cell line: There is no information about a cell line used for this sample, so there is no need to include `"cell_line"` in my output JSON. 4. cell type: The sample is considered to be monocytes and dendritic cells, which are specific types of cells. Therefore, I will include `"cell_type": "monocytes and dendritic cells"` in my output JSON. 5. disease: There is no information about the disease of the organism the sample derived, so there is no need to include `"disease"` in my output JSON.  The final output JSON is: ```json {     "tissue": "monocytes and dendritic cells",     "cell_type": "monocytes and dendritic cells" } ```
SAMN17797751	 The input data contains information about a sample used in a bulk ATAC-seq assay. Here are the steps to extract the required information and output it in JSON format:  * Tissue: There is no explicit mention of the tissue from which the cells were obtained. However, since the sample was obtained from cryopreserved peripheral blood mononuclear cells (PBMCs), we can assume that the tissue is "peripheral blood". Therefore, the output JSON will include `"tissue": "peripheral blood"`. * Host tissue: Not applicable as the sample is not content collected from a tissue. * Cell line: There is no mention of a cell line, so the output JSON will not include a "cell\_line" attribute. * Cell type: The sample is obtained from CD11c+ conventional dendritic cells (cDCs), so the output JSON will include `"cell_type": "CD11c+ cDCs"`. * Disease: There is no mention of any disease associated with the sample, so the output JSON will not include a "disease" attribute.  The final output JSON will be: ```json {   "tissue": "peripheral blood",   "cell_type": "CD11c+ cDCs" } ```
SAMN18105890	 Based on the given JSON data, here are the extracted information:  * The sample is a cell line, and its name is "CAL-120" (`"cell line": "CAL-120"`). * The cells are from a human (`"organism": "Homo sapiens"`), and they are cancerous breast cells (`"source_name": "breast cancer cells"`). This information can be used to infer the tissue type as breast tissue. * The disease is breast cancer, which can be inferred from `"source_name": "breast cancer cells"`.  The resulting JSON-formatted data are: ```json {   "cell_line": "CAL-120",   "tissue": "breast",   "disease": "breast cancer" } ``` Note that the `"host tissue"` attribute is not included because there is no explicit information about a tissue from which content was collected.
SAMN19108931	 Based on the given JSON data, I will extract information for the attributes: "cell\_line".  Here are the steps I would follow to extract this information:  1. Look for a key-value pair with the key "cell line" in the JSON data. 2. If the key "cell line" exists, then its value is the name of the cell line and should be extracted as the value for the attribute "cell\_line".  Applying these steps to the given JSON data:  * The key-value pair with the key "cell line" has a value of "MM1.S", which is the name of the cell line.  Therefore, my output will be: `{"cell_line": "MM1.S"}`
SAMN19405595	 Here are the steps I would follow to extract the required information from the given JSON data:  1. Tissue: The given JSON data does not specify whether the sample is a tissue section or a whole tissue, so I cannot include the "tissue" attribute in my output JSON. 2. Host tissue: There is no information about the content of a tissue being used as a sample in the given JSON data, so I cannot include the "host tissue" attribute in my output JSON. 3. Cell line: The given JSON data does not specify that the sample is a cell line, so I cannot include the "cell\_line" attribute in my output JSON. 4. Cell type: The given JSON data specifies that the sample is of type "Retinal Pigmented Epithelial", so I will include the "cell\_type" attribute with a value of "Retinal Pigmented Epithelial" in my output JSON. 5. Disease: The given JSON data does not mention any disease associated with the organism that the sample was derived from, so I cannot include the "disease" attribute in my output JSON.  Here is the output JSON that I would create based on the above information: ```json {   "cell_type": "Retinal Pigmented Epithelial" } ```
SAMN19514130	 Based on the given JSON-formatted data, I will extract the required information step by step.  1. tissue: The input data does not specify whether this sample is a tissue section or a whole tissue; therefore, there is no tissue name to include in the output. 2. host tissue: There is no information about a tissue from which content was collected for this sample; therefore, there is no host tissue name to include in the output. 3. cell line: The input data does not mention any cell line information; therefore, there is no cell line to include in the output. 4. cell type: According to the given JSON-formatted data, the "cell type" attribute is present and has a value of "human embryo"; therefore, I will include this in the output as `"cell_type": "human embryo"`. 5. disease: The input data does not mention any disease information; therefore, there is no disease to include in the output.  The final JSON-formatted output is: ```json {   "cell_type": "human embryo" } ```
SAMN19904672	 Sure, let me extract the required information step by step.  1. tissue The input data does not mention if the sample is a tissue section or whole tissue, so we cannot include `"tissue"` in our output JSON. 2. host tissue There is no mention of content collected from a tissue, so we cannot include `"host_tissue"` in our output JSON. 3. cell line The input data mentions that the sample is a "MSN02-4" cell line, so we will include `"cell_line": "MSN02-4"` in our output JSON. 4. cell type The input data specifies that the sample is an "hPSC-derived cardiomyocyte", which is a specific type of cell, so we will include `"cell_type": "hPSC-derived cardiomyocyte"` in our output JSON. 5. disease There is no mention of any disease related to the sample, so we cannot include `"disease"` in our output JSON.  Output JSON: ```json {   "cell_line": "MSN02-4",   "cell_type": "hPSC-derived cardiomyocyte" } ```
SAMN20109702	 Based on the given JSON data, I will extract the required information step by step:  1. tissue: The input data does not specify the tissue from which the cell line was derived. Therefore, there is no "tissue" attribute in the output. 2. host tissue: Since this sample is a cell line, it was not collected from any host tissue. Therefore, there is no "host tissue" attribute in the output. 3. cell line: The input data contains the "cell line" attribute with the value of "C4-2". Therefore, the output will include `"cell_line": "C4-2"`. 4. cell type: The input data contains the "cell type" attribute with the value of "prostate cancer cell line". Therefore, the output will include `"cell_type": "prostate cancer cell line"`. 5. disease: Although the cell line is a prostate cancer cell line, the input data does not specify if it was derived from any diseased tissue. Therefore, there is no "disease" attribute in the output.  The final output JSON will be: ```json {   "cell_line": "C4-2",   "cell_type": "prostate cancer cell line" } ```
SAMN20506434	 Here are the steps I would take to extract the required information from this JSON data:  1. tissue: There is no mention of a tissue in the provided data, so I will not include a "tissue" attribute in my output. 2. host tissue: There is also no mention of a host tissue in the data, so there will be no "host tissue" attribute in my output. 3. cell line: The "cell line" attribute is present and has the value "LNCaP", so I will include this in my output. 4. cell type: The "cell type" attribute is present and has the value "prostate cancer". Since the sample is a cell line, I will interpret this as referring to a prostate cancer cell line, rather than just any cells of that type. Therefore, my output will include `"cell_type": "prostate cancer"`. 5. disease: There is no mention of a disease in the data, so there will be no "disease" attribute in my output.  My final output JSON would be: ```json {   "cell_line": "LNCaP",   "cell_type": "prostate cancer" } ```
SAMN20810491	 Sure, I will extract the relevant information step by step:  1. The sample is not considered to be a tissue section or a whole tissue, so there is no need to include `"tissue"` attribute in the output JSON. 2. The sample is not collected from a tissue, so there is no need to include `"host tissue"` attribute in the output JSON. 3. The sample is considered to be a cell line, and its name is "K562". So I will include `"cell_line": "K562"` in the output JSON. 4. The sample is also considered to be of type "Immortalized lymphoblast", so I will include `"cell_type": "Immortalized lymphoblast"` in the output JSON. 5. There is no mention of a disease associated with this sample, so there is no need to include the `"disease"` attribute in the output JSON.  The final output JSON: ```json {     "cell_line": "K562",     "cell_type": "Immortalized lymphoblast" } ```
SAMN20867092	 Sure. Here are the steps I would take to extract the relevant information from this JSON data:  1. Tissue: The "source\_name" field contains the abbreviation "WAT," which stands for white adipose tissue. Therefore, I will include "tissue": "white adipose tissue" in my output. 2. Host tissue: There is no information about a host tissue in this data. Therefore, I will not include a "host tissue" attribute in my output. 3. Cell line: There is no information about a cell line in this data. Therefore, I will not include a "cell\_line" attribute in my output. 4. Cell type: The "cell type" field contains the string "white adipose derived mesenchymal stromal cells." Therefore, I will include "cell\_type": "white adipose derived mesenchymal stromal cells" in my output. 5. Disease: There is no information about a disease in this data. Therefore, I will not include a "disease" attribute in my output.  Here is the final JSON-formatted output: ```json {   "tissue": "white adipose tissue",   "cell_type": "white adipose derived mesenchymal stromal cells" } ```
SAMN21206972	 Sure, let's go through the input data step by step.  1. tissue: The input data contains a key "tissue" with value "T cell line with HIV-1 and ZFP3-FLAG". This is a specific type of cell, so we will use "cell line" as the attribute name instead of "tissue". 2. host tissue: There is no information about a tissue from which this sample was collected or in which it resides. Therefore, there is no need to include "host tissue" attribute in the output JSON. 3. cell line: The input data contains a key "cell line" with value "J-lat 1C10". This is a specific name of a cell line, so we will use this information for the "cell\_line" attribute. 4. cell type: Since the value of "tissue" attribute ("T cell line with HIV-1 and ZFP3-FLAG") is a specific type of cell, we can use it for the "cell\_type" attribute. 5. disease: There is no information about any disease related to this sample in the input data. Therefore, there is no need to include "disease" attribute in the output JSON.  Based on the above extraction, the output JSON will be: ```json {     "cell_line": "J-lat 1C10",     "cell_type": "T cell line with HIV-1 and ZFP3-FLAG" } ```
SAMN21214668	 The input JSON data does not contain information about the tissue, host tissue, cell line, cell type, or disease. Therefore, I will not include those attributes in my output.  Here is the output JSON: ```json {     "accession": "SAMN21214668",     "broker name": "NCBI",     "common name": "human",     "organism": "Homo sapiens",     "title": "GEO accession GSM5555061 is currently private and is scheduled to be released on Mar 01, 2023." } ```
SAMN22081917	 Sure, let's go through the steps to extract the required information from the given JSON data.  1. Tissue: There is no tissue name mentioned in the input data, so we will not include it in our output. 2. Host Tissue: There is also no mention of a host tissue in the input data. 3. Cell Line: The input data contains the attribute "cell line" with the value "PGP1", which is a specific cell line name. So, we will include this in our output. 4. Cell Type: Although the cell line "PGP1" was derived from iPS cells, it has been differentiated into a specific type of cell. However, the given data does not provide information on what type of cell it is. Therefore, we cannot include the "cell\_type" attribute in our output. 5. Disease: There is no mention of any disease related to this sample in the input data.  Here's the final JSON-formatted output based on the extracted information: ```json {   "cell_line": "PGP1" } ```
SAMN23551597	 Sure. I will extract the required information step by step:  1. tissue    The sample is not considered to be a tissue section or a whole tissue, so there is no "tissue" attribute in the output JSON. 2. host tissue    There is no mention of any content collected from a tissue, so there is no "host tissue" attribute in the output JSON. 3. cell line    The sample is not considered to be a cell line, so there is no "cell\_line" attribute in the output JSON. 4. cell type    The input data mention that the sample is "WT cardiomyocytes Day 18-20", which suggests that it is a specific type of cell. Therefore, the "cell\_type" attribute should be included in the output JSON with a value of "cardiomyocytes". 5. disease    There is no mention of any disease associated with the sample, so there is no "disease" attribute in the output JSON.  The final output JSON is: ```json {   "cell_type": "cardiomyocytes" } ```
SAMN25125233	 Here are the steps I would take to extract the required information from this JSON data:  1. Tissue: There is no mention of a tissue in the provided data, so there will be no "tissue" attribute in the output. 2. Host tissue: There is also no mention of a host tissue in the provided data, so there will be no "host tissue" attribute in the output. 3. Cell line: The data contains the key "cell type" with the value "colorectal adenocarcinoma cell lines", so there will be a "cell\_line" attribute in the output with this value. 4. Cell type: There is no mention of a specific cell type in the provided data, so there will be no "cell\_type" attribute in the output. 5. Disease: There is no mention of a disease in the provided data, so there will be no "disease" attribute in the output.  The output JSON-formatted data would be as follows: ```json {   "cell_line": "colorectal adenocarcinoma cell lines" } ```
SAMN28811549	 Sure. I will extract the required information step by step from the given JSON data: ```json {   "accession": "SAMN28811549",   "cell line": "NCI-H295R",   "cell type": "human adrenocortical carcinoma",   "organism": "Homo sapiens",   "source_name": "NCI-H295R, baseline",   "title": "27-CLP-3",   "treatment": "DMSO" } ``` 1. tissue: The input data does not provide any information about the tissue from which the sample was collected. Therefore, I will not include the `tissue` attribute in my output JSON. 2. host tissue: There is no information about the content collected from a tissue. So, I will not include the `host_tissue` attribute in my output JSON. 3. cell line: The input data mentions that the sample belongs to the NCI-H295R cell line. Therefore, I will include this information in my output JSON with the `cell_line` attribute. 4. cell type: The input data also specifies that the sample is a human adrenocortical carcinoma. This means that the cells in the sample are of a specific type, i.e., human adrenocortical carcinoma. Therefore, I will include this information in my output JSON with the `cell_type` attribute. 5. disease: The input data does not mention any disease associated with the organism from which the sample was collected. So, I will not include the `disease` attribute in my output JSON.  After extracting the required information, my output JSON is: ```json {   "cell_line": "NCI-H295R",   "cell_type": "human adrenocortical carcinoma" } ```
SAMN28827528	 Sure. Here are the steps I would take to extract the relevant information from this JSON data:  1. Tissue: There is no explicit mention of a tissue in this data, so we will not include a "tissue" attribute in our output. 2. Host Tissue: Similarly, there is no mention of a host tissue, so we will not include a "host tissue" attribute. 3. Cell Line: The cell line is explicitly mentioned as "NB4", so we will include a "cell\_line" attribute with this value in our output. 4. Cell Type: Although "Acute promyelocytic leukemia" is a disease, it appears that it is being used here to describe the type of cell. Therefore, we will include a "cell\_type" attribute with this value in our output. 5. Disease: There is no mention of a disease in this data, so we will not include a "disease" attribute.  Here is the JSON-formatted output: ```json {   "cell_line": "NB4",   "cell_type": "Acute promyelocytic leukemia" } ```
SAMN29765822	 Based on the given JSON data, I will extract the required information as follows:  * The sample is derived from a tissue, and the tissue name is "blood". Therefore, the output JSON will include `"tissue": "blood"`. * There is no mention of content collected from a tissue in the given input data. Hence, the output JSON will not include a "host tissue" attribute. * The sample is not explicitly mentioned as a cell line. Therefore, the output JSON will not include a "cell\_line" attribute. * The sample is derived from B cells, and B cells are a specific type of cell. Therefore, the output JSON will include `"cell_type": "B cells"`. * There is no mention of any disease in the given input data. Hence, the output JSON will not include a "disease" attribute.  The final output JSON will be:  ```json {   "tissue": "blood",   "cell_type": "B cells" } ```
SAMN29826781	 Here are the steps I would follow to extract and structure the information from the given JSON data:  1. Tissue: The sample is not explicitly described as a tissue section or whole tissue, so I will not include a "tissue" attribute in my output. 2. Host Tissue: There is no mention of the sample being collected from a specific tissue, so I will not include a "host tissue" attribute in my output. 3. Cell Line: The sample is described as a "Single prostate tumor cell," but it is not clear if this refers to a specific cell line. I will not include a "cell\_line" attribute in my output. 4. Cell Type: The sample is explicitly described as a "Single prostate tumor cell," so I will include `"cell_type": "prostate tumor cell"` in my output. 5. Disease: The sample is described as a "prostate tumor cell," but it does not specify the type of disease. I will not include a "disease" attribute in my output.  Based on this analysis, here is the JSON-formatted data that I would output: ```json {   "cell_type": "prostate tumor cell" } ```
SAMN30058146	 1. tissue: The input data does not mention the sample being a tissue section or a whole tissue. Therefore, I will not include the "tissue" attribute in my output JSON. 2. host tissue: There is no information about content collected from a tissue. Therefore, I will not include the "host tissue" attribute in my output JSON. 3. cell line: The input data specifies that the sample is a "H446" cell line. Therefore, I will include `"cell_line": "H446"` in my output JSON. 4. cell type: Although the cell line type is mentioned as "small cell lung cancer SCLC-N subtype", this attribute describes a specific cell line name rather than a name of a cell. Therefore, I will not include the "cell\_type" attribute in my output JSON. 5. disease: The input data does not mention any disease related to the organism the sample derived. Therefore, I will not include the "disease" attribute in my output JSON.  My output is: `{"cell_line": "H446", "genotype": "NEUROD1 knockout"}`
SAMN30348081	 Based on the given JSON-formatted data, I would extract the following information:  * The sample is a type of cell (motor neuron), so I will include `"cell_type": "motor neuron"` in my output. * The sample was derived from an organism with amyotrophic lateral sclerosis, so I will include `"disease": "amyotrophic lateral sclerosis"` in my output.  Here is the JSON-formatted data that I would output: ```json {     "cell_type": "motor neuron",     "disease": "amyotrophic lateral sclerosis" } ``` I would not include the other attributes (e.g., "accession", "age", "description", etc.) in my output because they are not relevant to the information that I am required to extract.
SAMN30444981	 Based on the given JSON data, I would extract the following information:  * The sample is considered to be a tissue section, and the tissue name is "Forebrain" (based on the value of the `tissue` attribute). * The sample is a neuron, based on the value of the `group` attribute. * The sample was collected from the Amygdaloid Complex region in the Forebrain (based on the values of the `source_name` and `tissue` attributes). * The organism that the sample was derived from is Homo sapiens, based on the value of the `organism` attribute.  I would output this information as follows: ``` {   "tissue": "Forebrain",   "cell_type": "neuron",   "host tissue": "Amygdaloid Complex" } ``` Note that I did not include the `disease` attribute, because there is no mention of a disease in the input data.
SAMN32635407	 Based on the given JSON data, I will extract the required information step by step.  1. tissue: The JSON object contains a key named "tissue" with value "retinal epithelium". Therefore, in the output JSON, we will include `"tissue": "retinal epithelium"`. 2. host tissue: There is no information about any content collected from a tissue. So, there is no need to include "host tissue" attribute in the output JSON. 3. cell line: The JSON object contains a key named "cell line" with value "hTERT RPE-1". Therefore, in the output JSON, we will include `"cell_line": "hTERT RPE-1"`. 4. cell type: The JSON object contains a key named "cell type" with value "immortalized retinal epithelial cells". Therefore, in the output JSON, we will include `"cell_type": "immortalized retinal epithelial cells"`. 5. disease: There is no mention of any disease related to the sample in the JSON data. So, there is no need to include the "disease" attribute in the output JSON.  Therefore, based on the given JSON data, the output JSON will be: ```json {   "tissue": "retinal epithelium",   "cell_line": "hTERT RPE-1",   "cell_type": "immortalized retinal epithelial cells" } ```
SAMN33214491	 Sure. Here are the steps I would take to extract and structure the relevant information from this JSON:  1. Tissue: There is no mention of a tissue in this JSON, so I will not include a "tissue" attribute in my output. 2. Host tissue: Similarly, there is no mention of a host tissue in this JSON, so I will not include a "host tissue" attribute in my output. 3. Cell line: The input JSON already includes the name of the cell line ("U2OS") as a separate key-value pair. I can extract this information and include it in my output with the "cell\_line" attribute. 4. Cell type: The input JSON also includes the cell type ("Human osteosarcoma") as a separate key-value pair. I can extract this information and include it in my output with the "cell\_type" attribute. 5. Disease: There is no mention of a disease in this JSON, so I will not include a "disease" attribute in my output.  Here is the output JSON that I would create based on these steps: ```json {   "cell_line": "U2OS",   "cell_type": "Human osteosarcoma" } ```
SAMN33943039	 To extract the required information from the given JSON data and structure it in a new JSON object, I will perform the following steps:  1. Create an empty output JSON object to store the extracted information. 2. Extract the tissue type from the "tissue" attribute of the input JSON. In this case, it is "Lung, mesothelioma". Since this sample is considered to be a tissue section (not the content of a tissue), we include it in the output JSON with the "tissue" attribute. 3. Extract any information related to host tissue from the input JSON. However, the given data does not mention any other tissue from which the sample was collected. Therefore, no "host tissue" attribute will be added to the output JSON. 4. Check if the sample is a cell line or cell type by looking for relevant information in the input JSON. Here, we find that the sample is derived from a patient with mesothelioma. However, there is no mention of it being a specific cell line or cell type. Therefore, we will not add "cell\_line" or "cell\_type" attributes to the output JSON. 5. Extract any disease information from the input JSON. Here, the sample was collected from a patient with mesothelioma. Therefore, we include this information in the output JSON using the "disease" attribute.  After performing these steps, our output JSON will look like: ```json {     "tissue": "lung",     "disease": "mesothelioma" } ``` Note that I have changed the value of the "tissue" attribute to lowercase for consistency.
SAMN36407478	 Based on the given JSON data, I will extract the required information step by step:  1. The 'tissue' attribute in the input data is 'Lung', so the extracted information for tissue would be `"tissue": "lung"`. 2. There is no indication that this sample contains content collected from a tissue, so there is no 'host tissue' attribute to extract. 3. The 'cell line' attribute in the input data is 'H1563', so the extracted information for cell line would be `"cell_line": "H1563"`. 4. The 'cell type' attribute in the input data is 'Lung adenocarcinoma', so the extracted information for cell type would be `"cell_type": "lung adenocarcinoma"`. 5. There is no mention of a disease in this sample, so there is no 'disease' attribute to extract.  Based on these extractions, the final JSON output would be: ```json {     "tissue": "lung",     "cell_line": "H1563",     "cell_type": "lung adenocarcinoma" } ```
